[  
   {  
      "id":"Gulpfile.js",
      "path":"./",
      "description":"Gulpfile Details"
   },
   {  
      "id":"README.md",
      "path":"./",
      "description":"README Details"
   },
   {  
      "id":".editorconfig",
      "path":"./",
      "description":"Editorconfig Details"
   },
   {  
      "id":"images",
      "path":"./",
      "description":"Images Directory",
      "nodes":[  
         {  
            "id":"19768242656_0752948444_b.jpg",
            "path":"./images",
            "description":"Img 1"
         },
         {  
            "id":"19800487661_713ffb07a5_h.jpg",
            "path":"./images",
            "description":"Img 2"
         },
         {  
            "id":"5271843.jpg",
            "path":"./images",
            "description":"Img 3"
         },
         {  
            "id":"bg-preorder.jpg",
            "path":"./images",
            "description":"Img 4"
         }
      ]
   },
   {  
      "id":"fonts",
      "path":"./",
      "description":"Fonts Directory",
      "nodes":[  
         {  
            "id":"Roboto",
            "path":"./fonts",
            "description":"Roboto Sub Directory",
            "nodes":[  
               {  
                  "id":"Roboto-Black.ttf",
                  "path":"./fonts/Roboto",
                  "description":"Roboto Font 1"
               },
               {  
                  "id":"Roboto-BlackItalic.ttf",
                  "path":"./fonts/Roboto",
                  "description":"Roboto Font 2"
               }
            ]
         },
         {  
            "id":"icomoon.ttf",
            "path":"./fonts",
            "description":"Font Icomoon"
         }
      ]
   },
   {  
      "id":"package.json",
      "path":"./",
      "description":"Package"
   },
   {  
      "id":"index.html",
      "path":"./",
      "description":"Main index file"
   },
   {  
      "id":"LICENSE",
      "path":"./",
      "description":"LICENSE File"
   },
   {  
      "id":".jshintrc",
      "path":"./",
      "description":"Jshintrc"
   }
]